Workbook

Sheet Instruções
B2: MATRIZ DE REFERÊNCIAS
B5: Como usar
B6: Aba «Matriz Analítica» | C6: Uma linha por referência lida. A linha 2 é um EXEMPLO preenchido — não apague, use de modelo. Preencha a partir da linha 3.
B7: Aba «Cruzamento» | C7: Renomeie os cabeçalhos «Conceito 1…8» com os conceitos-chave do seu tema e marque X onde a referência cobre o conceito. A coluna de referência é preenchida automaticamente.
B8: Aba «Verificação» | C8: Confere sozinha se o acervo atende aos mínimos exigidos. Confira antes de entregar.
B9: Entrega | C9: Este arquivo em .xlsx MAIS a matriz exportada em PDF como anexo do artigo parcial.
B11: Requisitos mínimos do acervo
B12: • | C12: 10 referências no total.
B13: • | C13: Pelo menos 5 artigos científicos revisados por pares (periódico ou conferência).
B14: • | C14: Pelo menos 2 publicações dos últimos 5 anos.
B15: • | C15: Pelo menos 1 artigo seminal / clássico do eixo escolhido.
B16: • | C16: Livros-texto (CLRS, Kleinberg & Tardos, Sedgewick, Vazirani, Garey & Johnson etc.): no máximo 3 das 10.
B17: • | C17: Blogs, vídeos, fóruns e saídas de IA generativa não entram na cota (podem ser citados fora dela).
B18: • | C18: Toda referência listada precisa ter sido efetivamente lida e ser localizável. Referência fabricada anula o entregável.
B20: Onde buscar
C21: Portal de Periódicos CAPES · ACM Digital Library · IEEE Xplore · SpringerLink · DBLP · Google Scholar · arXiv (cs.DS) · Biblioteca Digital da SBC (SOL)
B23: Legenda de cores
C24: Cabeçalho de coluna — não alterar.
C25: Linha de exemplo — não alterar.
C26: Célula branca — é o que vocês preenchem.
C27: Célula com fórmula — preenchimento automático, não digitar.

Sheet Matriz Analítica
A1: ID | B1: Referência completa (ABNT) | C1: Tipo | D1: Veículo (periódico ou evento) | E1: Ano | F1: Qualificação (Qualis / JCR / conferência) | G1: Eixo da ementa | H1: Problema abordado (entrada → saída) | I1: Paradigma / técnica | J1: Complexidade, fator de aproximação ou classe/redução | K1: Tipo de validação | L1: Principais resultados (com suas palavras) | M1: Limitações e lacunas | N1: Uso no nosso artigo (seção e finalidade) | O1: Nível de leitura
A2: EX | B2: CHVÁTAL, V. A greedy heuristic for the set-covering problem. Mathematics of Operations Research, v. 4, n. 3, p. 233-235, 1979. | C2: Artigo de periódico | D2: Mathematics of Operations Research | E2: 1979 | F2: Periódico A1 (Pesquisa Operacional) | G2: E5 / E7 | H2: Dado um universo de elementos e uma família de subconjuntos com custos, escolher a subfamília de custo mínimo que cobre todos os elementos. | I2: Guloso com análise de razão de aproximação | J2: Tempo polinomial; razão de aproximação H(n) ≈ ln n | K2: Prova formal | L2: A escolha gulosa por melhor custo-benefício garante solução no máximo H(n) vezes pior que a ótima, e esse limite é essencialmente justo. | M2: Não trata variantes com restrição de capacidade; não apresenta avaliação experimental em instâncias reais. | N2: Seção 2.3 (garantia teórica) e Seção 3 (baseline de comparação). | O2: Parcial
A3: R01 | B3: JOHNSON, D. S.; DEMERS, A.; ULLMAN, J. D.; GAREY, M. R.; GRAHAM, R. L. Worst-case performance bounds for simple one-dimensional packing algorithms. SIAM Journal on Computing, v. 3, n. 4, p. 299–325, 1974. | C3: Artigo de periódico | D3: SIAM Journal on Computing | E3: 1974 | F3: Periódico A1 (Computação) | G3: E5 / E7 | H3: Dada uma lista de itens com tamanhos em (0,1], alocá-los no mínimo número de bins de capacidade 1. | I3: Análise de pior caso de heurísticas online (NF, FF, BF) | J3: Razões exatas de pior caso: NF 2, FF/BF 1.7 (assintótica); tempo O(n) NF, O(n²) FF/BF na implementação direta | K3: Prova formal | L3: Estabelece os limites de pior caso clássicos e mostra que FF/BF não passam de 1.7 nem na adversarial; base de toda a análise posterior. | M3: Não trata do desempenho médio nem de variantes ordenadas (FFD/BFD não aparecem com bound exato aqui). | N3: Seção 2.1 (fundamentação das garantias de pior caso) e Seção 4 (comparação empírica com os limites). | O3: Integral
A4: R02 | B4: DÓSA, G. The tight bound of First Fit Decreasing bin-packing algorithm is FFD(I) ≤ 11/9 OPT(I) + 6/9. In: ESCAPE 2007, Lecture Notes in Computer Science, v. 4614. Berlin: Springer, 2007. p. 1–11. | C4: Artigo de conferência | D4: ESCAPE (LNCS) | E4: 2007 | F4: Conferência (LNCS/Springer) | G4: E5 / E7 | H4: Determinar o valor exato da constante aditiva na garantia do FFD. | I4: Análise de pior caso de heurística gulosa ordenada | J4: FFD(I) ≤ 11/9 OPT(I) + 6/9; prova de que 6/9 é justo (tight); O(n log n) para ordenar | K4: Prova formal | L4: Fecha problema aberto desde 1973: a constante aditiva do FFD é exatamente 6/9, encerrando 34 anos de melhorias incrementais. | M4: Prova longa e técnica; não avalia o comportamento médio — o gap entre 11/9 e o desempenho prático permanece em aberto. | N4: Seção 2.2 (a garantia 11/9 que o experimento confronta) — referência central do artigo. | O4: Integral
A5: R03 | B5: DÓSA, G.; LI, R.; HAN, X.; TUZA, Z. Tight absolute bound for First Fit Decreasing bin-packing: FFD(L) ≤ 11/9 OPT(L) + 6/9. Theoretical Computer Science, v. 510, p. 13–61, 2013. | C5: Artigo de periódico | D5: Theoretical Computer Science | E5: 2013 | F5: Periódico A1 (Ciência da Computação) | G5: E5 / E7 | H5: Publicar em periódico a prova completa do bound absoluto do FFD (versão estendida da conferência de 2007). | I5: Análise de pior caso com funções de peso | J5: Bound absoluto FFD(L) ≤ 11/9 OPT(L) + 6/9, com classificação completa por classes de resíduo de OPT mod 9 | K5: Prova formal | L5: Versão de periódico, com a tabela completa dos máximos de FFD para cada valor de OPT — referência definitiva do resultado. | M5: Puramente teórico; sem experimentos. | N5: Seção 2.2 (detalhes da prova e tabela de tightness); backup da R02. | O5: Parcial
A6: R04 | B6: KARMAKAR, N.; KARP, R. M. An efficient approximation scheme for the one-dimensional bin-packing problem. In: Proceedings of the 23rd Annual Symposium on Foundations of Computer Science (FOCS), 1982. p. 312–320. | C6: Artigo de conferência | D6: FOCS (IEEE) | E6: 1982 | F6: Conferência A* (teoria) | G6: E7 / E4 | H6: Aproximar bin packing dentro de um erro aditivo sublinear em tempo polinomial. | I6: Aproximação via arredondamento e programação linear | J6: OPT + O(log² OPT) bins em tempo polinomial | K6: Prova formal | L6: Primeiro esquema com erro aditivo logarítmico; mostra que existe algoritmo polinomial quase ótimo, abrindo a linha dos AFPTAS. | M6: Complexidade prática proibitiva para instâncias grandes; constantes enormes tornam inviável na prática. | N6: Seção 2.4 (contexto: por que não usar esquemas quase-exatos) e justificativa da escolha por heurísticas simples. | O6: Parcial
A7: R05 | B7: MARTELLO, S.; TOTH, P. Lower bounds and reduction procedures for the bin packing problem. Discrete Applied Mathematics, v. 28, n. 1, p. 59–70, 1990. | C7: Artigo de periódico | D7: Discrete Applied Mathematics | E7: 1990 | F7: Periódico A1 (Pesquisa Operacional) | G7: E1 / E7 | H7: Calcular limites inferiores apertados para OPT(I) usados em solvers exatos. | I7: Bound L2 baseado em partição de itens por corte alpha | J7: L2 computável em O(n log n); L2 ≥ L1 = ceil(soma dos tamanhos) | K7: Prova formal + experimentos com instâncias clássicas | L7: O bound L2 domina L1 e é a base do MTP (solver exato clássico); ainda é o bound padrão em solvers modernos. | M7: Pode ficar bem abaixo de OPT em instâncias de 3-partição; não é um algoritmo de empacotamento em si. | N7: Seção 3 (metodologia: L2 é o denominador da razão de aproximação empírica) e Seção 4 (interpretação dos resultados). | O7: Integral
A8: R06 | B8: FALKENAUER, E. A hybrid grouping genetic algorithm for bin packing. Journal of Heuristics, v. 2, n. 1, p. 5–30, 1996. | C8: Artigo de periódico | D8: Journal of Heuristics | E8: 1996 | F8: Periódico A2 (Pesquisa Operacional) | G8: E7 / E5 | H8: Resolver bin packing com algoritmo genético especializado em agrupamento. | I8: Metaheurística (GA de agrupamento + redução de Martello-Toth) | J8: Polinomial por geração; sem garantia de aproximação | K8: Experimento com instâncias geradas (as que viraram benchmark da área) | L8: O GGA supera heurísticas clássicas nas instâncias difíceis; define as distribuições U{1/10..1/2} etc. usadas até hoje como benchmark. | M8: Sem garantia de pior caso; custo computacional maior que heurísticas simples. | N8: Seção 3 (justificativa do gerador de instâncias: distribuições de Falkenauer) e Seção 2.3 (metaheurísticas como alternativa). | O8: Parcial
A9: R07 | B9: KENYON, C. Best-fit bin-packing with random order. In: Proceedings of the 7th ACM-SIAM Symposium on Discrete Algorithms (SODA), 1996. p. 359–364. | C9: Artigo de conferência | D9: SODA (ACM-SIAM) | E9: 1996 | F9: Conferência A* (algoritmos) | G9: E7 / E1 | H9: Analisar o Best-Fit quando a ordem de chegada dos itens é uma permutação aleatória uniforme. | I9: Análise probabilística (modelo random-order) | J9: Razão random-order do BF entre 1.08 e 3/2 | K9: Prova formal | L9: Introduz o modelo random-order para bin packing e conjectura que a razão real do BF é ≈ 1.15 — conjectura em aberto até hoje. | M9: Bounds não fechados (1.08–1.5); conjectura não resolvida no caso geral. | N9: Seção 2.5 (modelo random-order) e Seção 4 (nosso experimento embaralhado dialoga com a conjectura). | O9: Parcial
A10: R08 | B10: BALOGH, J.; BÉKÉSI, J.; DÓSA, G.; EPSTEIN, L.; LEVIN, A. A new lower bound for classic online bin packing. In: Proceedings of the 32nd ACM-SIAM Symposium on Discrete Algorithms (SODA), 2021. p. 1758–1777. | C10: Artigo de conferência | D10: SODA (ACM-SIAM) | E10: 2021 | F10: Conferência A* (algoritmos) | G10: E3 / E7 | H10: Melhorar o limite inferior para qualquer algoritmo online de bin packing. | I10: Limite inferior (construção adversarial) | J10: Limite inferior 1.5427 (contra o 1.5404 anterior) | K10: Prova formal | L10: Empurra o lower bound online para 1.5427, estreitando o gap com o algoritmo de 1.57829 — referência recente dos últimos 5 anos. | M10: Construção teórica; sem implicação prática direta para heurísticas simples. | N10: Seção 2.4 (estado da arte online recente) — referência < 5 anos exigida pela matriz. | O10: Parcial
A11: R09 | B11: ALBERS, S.; KHAN, A.; LADEWIG, L. Best Fit bin packing with random order revisited. Algorithmica, v. 83, n. 9, p. 2833–2858, 2021. | C11: Artigo de periódico | D11: Algorithmica | E11: 2021 | F11: Periódico A1 (algoritmos) | G11: E7 / E1 | H11: Revisitar a razão random-order do Best-Fit com técnicas modernas. | I11: Análise probabilística refinada | J11: Upper bound 5/4 quando todos os itens > 1/3; lower bound 1.1 | K11: Prova formal | L11: Primeiro avanço real em 25 anos na conjectura de Kenyon (caso itens > 1/3); mostra que o modelo random-order é tratável. | M11: Só o caso especial itens > 1/3; caso geral permanece entre 1.1 e 3/2. | N11: Seção 2.5 (progresso recente na conjectura) — referência < 5 anos exigida pela matriz. | O11: Parcial
A12: R10 | B12: HEBBAR, A.; KHAN, A.; SREENIVAS, K. V. N. Bin packing under random-order: breaking the barrier of 3/2. arXiv:2401.04714, 2024. | C12: Artigo de periódico | D12: arXiv (submetido a conferência) | E12: 2024 | F12: Preprint (não classificado) | G12: E7 / E1 | H12: Quebrar a barreira de 3/2 na razão random-order do Best-Fit no caso geral. | I12: Análise probabilística + busca computacional | J12: Razão random-order ≤ 3/2 − ε; lower bound 1.144 | K12: Prova formal + verificação computacional | L12: Primeiro progresso no caso geral da conjectura de Kenyon em 28 anos; o lower bound 1.144 foi encontrado por programa que resolve cadeia de Markov. | M12: Preprint não revisado; ε é minúsculo (não explícito no abstract). | N12: Seção 2.5 (fronteira atual) e Seção 4 (nossas razões empíricas vs. 1.144 conjecturado) — referência < 5 anos. | O12: Parcial
A13: R11 | B13: AYYADEVARA, V.; DABAS, H.; KHAN, A.; SREENIVAS, K. V. N. Near-optimal algorithms for stochastic online bin packing. ACM Transactions on Algorithms, v. 21, n. 4, p. 1–39, 2025. | C13: Artigo de periódico | D13: ACM Transactions on Algorithms | E13: 2025 | F13: Periódico A1 (algoritmos) | G13: E7 / E1 | H13: Bin packing online com chegada aleatória (modelos i.i.d. e random-order). | I13: Meta-algoritmo + análise probabilística | J13: (1+ε)-competitivo no modelo i.i.d.; BF exatamente 1 quando itens > 1/3 | K13: Prova formal | L13: Resolve o caso i.i.d. e mostra que BF é ótimo no caso especial > 1/3; versão de periódico do ICALP 2022. | M13: Modelos estocásticos dependem de suposições de distribuição. | N13: Seção 2.5 (estado da arte estocástico) — referência < 5 anos. | O13: Parcial
A14: R12 | B14: WILLIAMSON, D. P.; SHMOYS, D. B. The Design of Approximation Algorithms. Cambridge: Cambridge University Press, 2011. | C14: Livro | D14: Cambridge University Press | E14: 2011 | F14: Livro-texto de referência | G14: E7 | H14: Corpo de conhecimento de algoritmos de aproximação. | I14: Livro-texto (LP-rounding, primal-dual, análise de razão) | J14: Cap. sobre bin packing: AFPTAS de Karmarkar-Karp e técnicas de análise | K14: Provas formais (livro) | L14: Referência padrão para a técnica de análise de aproximação usada na fundamentação. | M14: Livro-texto — não é resultado original. | N14: Seção 2.1 (definições formais de razão de aproximação e notação). | O14: Parcial
A15: R13
A16: R14
A17: R15
A18: R16
A19: R17
A20: R18
A21: R19
A22: R20
A23: R21 | B23: COFFMAN, E. G.; SO, K.; HOFRI, M.; YAO, A. C. A stochastic model of bin-packing. Information and Control, v. 44, n. 2, p. 105-115, 1980. | C23: Artigo de periódico | D23: Information and Control | E23: 1980 | F23: Periódico clássico (predecessor da IEEE Trans. IT) | G23: E5 / E7 | H23: Lista de n itens U(0,1] → número de bins do Next Fit | I23: Cadeia estocástica (análise de caso médio) | J23: NF: razão esperada exata 4/3 em U(0,1] | K23: Prova formal | L23: A razão esperada do NF converge para 4/3 = 1.3333 — primeiro resultado de caso médio em bin packing | M23: Só o NF sob U(0,1] e U{U,U}; não cobre FF/BF/FFD nem custo temporal | N23: Seção 4.4 (validação externa): nosso NF médio 1.328 confirma o 4/3 com erro de 0.4% | O23: Parcial
A24: R22 | B24: BENTLEY, J. L.; JOHNSON, D. S.; LEIGHTON, F. T.; McGEOCH, C. C.; McGEOCH, L. A. Some unexpected expected behavior results for bin packing. In: STOC, 1984, p. 279-288. | C24: Artigo de conferência | D24: ACM Symposium on Theory of Computing (STOC) | E24: 1984 | F24: Conferência A1 (teoria) | G24: E5 / E7 | H24: Lista de n itens U(0,u] → bins de FF/FFD | I24: Análise probabilística + simulação | J24: FF: excesso esperado O(n^4/5); FFD: O(1) para u ≤ 1/2 | K24: Prova formal + simulação | L24: FF é assintoticamente ótimo na expectativa em U(0,1]; FFD tem excesso esperado constante para itens ≤ 1/2 — 'few expected that it was actually this good' | M24: Resultados assintóticos; não medem tempo de implementações diretas | N24: Seção 4.4 (validação externa): confirma nossas razões FF 1.02 e FFD 1.001; critério de simetria explica a dificuldade da 3-partição | O24: Parcial
A25: R23 | B25: BENTLEY, J. L.; JOHNSON, D. S.; LEIGHTON, F. T.; McGEOCH, C. C. An experimental study of bin packing. In: Allerton Conference on Communication, Control, and Computing, 1983, p. 51-60. | C25: Artigo de conferência | D25: Allerton Conference | E25: 1983 | F25: Conferência clássica de sistemas | G25: E5 | H25: Instâncias sintéticas → comportamento médio de NF/FF/BF/FFD/BFD | I25: Estudo experimental controlado | J25: Simulações até n=128.000 | K25: Experimental | L25: As simulações anteciparam os teoremas de caso médio de 1984 — experimento controlado gerou descoberta teórica | M25: Sem análise de tempo de implementação em linguagens comparadas | N25: Seção 4.4 (justificativa metodológica): precedente do desenho experimental deste trabalho | O25: Seletiva

Sheet Cruzamento
A1: MATRIZ DE CRUZAMENTO — conceito × referência
A2: Renomeie os cabeçalhos «Conceito 1…8» com os conceitos-chave do seu tema (ex.: limite inferior, recorrência, prova de corretude, instâncias reais, heurística, garantia de desempenho). Marque X onde a referência cobre o conceito.
A4: ID | B4: Referência (automática) | C4: garantia de pior caso | D4: comportamento médio/probabilístico | E4: FFD/BFD (ordenadas) | F4: NF/FF/BF (online) | G4: lower bounds | H4: experimentos computacionais | I4: instâncias/benchmarks | J4: NP-dificuldade
A5: R01 | B5: =IF('Matriz Analítica'!B3="","",'Matriz Analítica'!B3) | C5: X | F5: X
A6: R02 | B6: =IF('Matriz Analítica'!B4="","",'Matriz Analítica'!B4) | C6: X | E6: X
A7: R03 | B7: =IF('Matriz Analítica'!B5="","",'Matriz Analítica'!B5) | C7: X | E7: X
A8: R04 | B8: =IF('Matriz Analítica'!B6="","",'Matriz Analítica'!B6) | C8: X
A9: R05 | B9: =IF('Matriz Analítica'!B7="","",'Matriz Analítica'!B7) | G9: X | H9: X
A10: R06 | B10: =IF('Matriz Analítica'!B8="","",'Matriz Analítica'!B8) | H10: X | I10: X
A11: R07 | B11: =IF('Matriz Analítica'!B9="","",'Matriz Analítica'!B9) | D11: X | F11: X
A12: R08 | B12: =IF('Matriz Analítica'!B10="","",'Matriz Analítica'!B10) | C12: X
A13: R09 | B13: =IF('Matriz Analítica'!B11="","",'Matriz Analítica'!B11) | D13: X | F13: X
A14: R10 | B14: =IF('Matriz Analítica'!B12="","",'Matriz Analítica'!B12) | D14: X | F14: X | H14: X
A15: R11 | B15: =IF('Matriz Analítica'!B13="","",'Matriz Analítica'!B13) | D15: X | F15: X
A16: R12 | B16: =IF('Matriz Analítica'!B14="","",'Matriz Analítica'!B14) | C16: X
A17: R13 | B17: =IF('Matriz Analítica'!B15="","",'Matriz Analítica'!B15)
A18: R14 | B18: =IF('Matriz Analítica'!B16="","",'Matriz Analítica'!B16)
A19: R15 | B19: =IF('Matriz Analítica'!B17="","",'Matriz Analítica'!B17)
A20: R16 | B20: =IF('Matriz Analítica'!B18="","",'Matriz Analítica'!B18)
A21: R17 | B21: =IF('Matriz Analítica'!B19="","",'Matriz Analítica'!B19)
A22: R18 | B22: =IF('Matriz Analítica'!B20="","",'Matriz Analítica'!B20)
A23: R19 | B23: =IF('Matriz Analítica'!B21="","",'Matriz Analítica'!B21)
A24: R20 | B24: =IF('Matriz Analítica'!B22="","",'Matriz Analítica'!B22)
B25: Cobertura (nº de referências por conceito) | C25: =COUNTIF(C5:C24,"X") | D25: =COUNTIF(D5:D24,"X") | E25: =COUNTIF(E5:E24,"X") | F25: =COUNTIF(F5:F24,"X") | G25: =COUNTIF(G5:G24,"X") | H25: =COUNTIF(H5:H24,"X") | I25: =COUNTIF(I5:I24,"X") | J25: =COUNTIF(J5:J24,"X")
A27: Análise da lacuna
A28: A coluna «NP-dificuldade» ficou com cobertura vazia: nenhuma das 12 referências traz a redução formal que justifica tratar bin packing por aproximação — os trabalhos citam a NP-dificuldade de segunda mão (via Garey & Johnson). O artigo vai fechá-la na Seção 2 apresentando a redução de 3-Partition a Decisão de Bin Packing (com prova curta), conectando o eixo principal E7 ao secundário E3. Além disso, «experimentos computacionais» aparece em apenas 3 de 12 referências (R05, R06, R10) e sempre em instâncias de benchmark estrangeiras; nenhuma mede o custo temporal das implementações diretas O(n²) — exatamente o gap empírico (garantia × médio × tempo) que nosso experimento preenche.

Sheet Verificação
B2: VERIFICAÇÃO AUTOMÁTICA DO ACERVO
B3: Confira esta aba antes de entregar. As colunas verdes são calculadas sozinhas.
B5: Ano-limite para «publicação recente» (últimos 5 anos): | C5: 2021 | E5: Ajuste conforme o ano letivo.
B7: Critério | C7: Exigido | D7: Atual | E7: Situação
B8: Total de referências | C8: 10 | D8: =COUNTA('Matriz Analítica'!B3:B22) | E8: =IF(D8>=C8,"OK","Faltam "&(C8-D8))
B9: Artigos revisados por pares (periódico ou conferência) | C9: 5 | D9: =COUNTIF('Matriz Analítica'!C3:C22,"Artigo de periódico")+COUNTIF('Matriz Analítica'!C3:C22,"Artigo de conferência") | E9: =IF(D9>=C9,"OK","Faltam "&(C9-D9))
B10: Publicações dos últimos 5 anos | C10: 2 | D10: =COUNTIF('Matriz Analítica'!E3:E22,">="&$C$5) | E10: =IF(D10>=C10,"OK","Faltam "&(C10-D10))
B11: Livros e capítulos de livro (limite máximo) | C11: 3 | D11: =COUNTIF('Matriz Analítica'!C3:C22,"Livro")+COUNTIF('Matriz Analítica'!C3:C22,"Capítulo de livro") | E11: =IF(D11<=C11,"OK","Excedeu em "&(D11-C11))
B12: Referências com complexidade/garantia preenchida | C12: 10 | D12: =COUNTA('Matriz Analítica'!J3:J22) | E12: =IF(D12>=C12,"OK","Faltam "&(C12-D12))
B13: Referências com uso no artigo definido | C13: 10 | D13: =COUNTA('Matriz Analítica'!N3:N22) | E13: =IF(D13>=C13,"OK","Faltam "&(C13-D13))
B14: Referências lidas na íntegra | C14: 3 | D14: =COUNTIF('Matriz Analítica'!O3:O22,"Integral") | E14: =IF(D14>=C14,"OK","Faltam "&(C14-D14))
B16: Lembretes finais
B17: • Exportar também em PDF e anexar ao artigo parcial.
B18: • Cada referência da matriz precisa aparecer citada no texto do artigo.
B19: • Preencher a análise da lacuna na aba «Cruzamento» — ela vale nota.
